<?xml version="1.0" encoding="UTF-8"?>
<GenRun Id="synth_1" LaunchPart="xc7a35tcpg236-1" LaunchTime="1734444517">
  <File Type="PA-TCL" Name="top_module.tcl"/>
  <File Type="RDS-PROPCONSTRS" Name="top_module_drc_synth.rpt"/>
  <File Type="REPORTS-TCL" Name="top_module_reports.tcl"/>
  <File Type="RDS-RDS" Name="top_module.vds"/>
  <File Type="RDS-UTIL" Name="top_module_utilization_synth.rpt"/>
  <File Type="RDS-UTIL-PB" Name="top_module_utilization_synth.pb"/>
  <File Type="RDS-DCP" Name="top_module.dcp"/>
  <File Type="VDS-TIMINGSUMMARY" Name="top_module_timing_summary_synth.rpt"/>
  <File Type="VDS-TIMING-PB" Name="top_module_timing_summary_synth.pb"/>
  <FileSet Name="sources" Type="DesignSrcs" RelSrcDir="$PSRCDIR/sources_1">
    <Filter Type="Srcs"/>
    <File Path="$PSRCDIR/sources_1/imports/revised_sources/functions_1207_0110.v">
      <FileInfo>
        <Attr Name="ImportPath" Val="$PPRDIR/../../Final/functions_1207_0110.v"/>
        <Attr Name="ImportTime" Val="1733501454"/>
        <Attr Name="UsedIn" Val="synthesis"/>
        <Attr Name="UsedIn" Val="implementation"/>
        <Attr Name="UsedIn" Val="simulation"/>
      </FileInfo>
    </File>
    <File Path="$PSRCDIR/sources_1/imports/revised_sources/make_clk.v">
      <FileInfo>
        <Attr Name="ImportPath" Val="$PPRDIR/../../Final/revised_sources/make_clk.v"/>
        <Attr Name="ImportTime" Val="1733443124"/>
        <Attr Name="UsedIn" Val="synthesis"/>
        <Attr Name="UsedIn" Val="implementation"/>
        <Attr Name="UsedIn" Val="simulation"/>
      </FileInfo>
    </File>
    <File Path="$PSRCDIR/sources_1/imports/revised_sources/service_1.v">
      <FileInfo>
        <Attr Name="ImportPath" Val="$PPRDIR/../../Final/revised_sources/service_1.v"/>
        <Attr Name="ImportTime" Val="1733472218"/>
        <Attr Name="UsedIn" Val="synthesis"/>
        <Attr Name="UsedIn" Val="implementation"/>
        <Attr Name="UsedIn" Val="simulation"/>
      </FileInfo>
    </File>
    <File Path="$PSRCDIR/sources_1/imports/revised_sources/service_2.v">
      <FileInfo>
        <Attr Name="ImportPath" Val="$PPRDIR/../../Final/revised_sources/service_2.v"/>
        <Attr Name="ImportTime" Val="1733472290"/>
        <Attr Name="UsedIn" Val="synthesis"/>
        <Attr Name="UsedIn" Val="implementation"/>
        <Attr Name="UsedIn" Val="simulation"/>
      </FileInfo>
    </File>
    <File Path="$PSRCDIR/sources_1/imports/revised_sources/service_3.v">
      <FileInfo>
        <Attr Name="ImportPath" Val="$PPRDIR/../../Final/revised_sources/service_3.v"/>
        <Attr Name="ImportTime" Val="1733437818"/>
        <Attr Name="UsedIn" Val="synthesis"/>
        <Attr Name="UsedIn" Val="implementation"/>
        <Attr Name="UsedIn" Val="simulation"/>
      </FileInfo>
    </File>
    <File Path="$PSRCDIR/sources_1/imports/revised_sources/service_4.v">
      <FileInfo>
        <Attr Name="ImportPath" Val="$PPRDIR/../../Final/revised_sources/service_4.v"/>
        <Attr Name="ImportTime" Val="1733490276"/>
        <Attr Name="UsedIn" Val="synthesis"/>
        <Attr Name="UsedIn" Val="implementation"/>
        <Attr Name="UsedIn" Val="simulation"/>
      </FileInfo>
    </File>
    <File Path="$PSRCDIR/sources_1/imports/revised_sources/top_module.v">
      <FileInfo>
        <Attr Name="ImportPath" Val="$PPRDIR/../../Final/revised_sources/top_module.v"/>
        <Attr Name="ImportTime" Val="1733488178"/>
        <Attr Name="UsedIn" Val="synthesis"/>
        <Attr Name="UsedIn" Val="implementation"/>
        <Attr Name="UsedIn" Val="simulation"/>
      </FileInfo>
    </File>
    <File Path="$PSRCDIR/sources_1/imports/revised_sources/main_tb.v">
      <FileInfo>
        <Attr Name="UserDisabled" Val="1"/>
        <Attr Name="ImportPath" Val="$PPRDIR/../../Final/revised_sources/main_tb.v"/>
        <Attr Name="ImportTime" Val="1733490004"/>
        <Attr Name="UsedIn" Val="synthesis"/>
        <Attr Name="UsedIn" Val="implementation"/>
        <Attr Name="UsedIn" Val="simulation"/>
      </FileInfo>
    </File>
    <Config>
      <Option Name="DesignMode" Val="RTL"/>
      <Option Name="TopModule" Val="top_module"/>
      <Option Name="TopAutoSet" Val="TRUE"/>
    </Config>
  </FileSet>
  <FileSet Name="constrs_in" Type="Constrs" RelSrcDir="$PSRCDIR/constrs_1">
    <Filter Type="Constrs"/>
    <File Path="$PSRCDIR/constrs_1/imports/Final/Basys-3-Master.xdc">
      <FileInfo>
        <Attr Name="ImportPath" Val="$PPRDIR/../../Final/Basys-3-Master.xdc"/>
        <Attr Name="ImportTime" Val="1733485495"/>
        <Attr Name="UsedIn" Val="synthesis"/>
        <Attr Name="UsedIn" Val="implementation"/>
      </FileInfo>
    </File>
    <Config>
      <Option Name="ConstrsType" Val="XDC"/>
    </Config>
  </FileSet>
  <FileSet Name="utils" Type="Utils" RelSrcDir="$PSRCDIR/utils_1">
    <Filter Type="Utils"/>
    <Config>
      <Option Name="TopAutoSet" Val="TRUE"/>
    </Config>
  </FileSet>
  <Strategy Version="1" Minor="2">
    <StratHandle Name="Vivado Synthesis Defaults" Flow="Vivado Synthesis 2020"/>
    <Step Id="synth_design"/>
  </Strategy>
</GenRun>
